3,10,0,0.344,3,6,3,3,3,4,4,2,4,3,5,3,2,1,3,2,3,2,3,5,15,3,3,2,7,3,3,3,2,3,4,2,2,3,1,3,1,2,3,9,2,2,5,2,2,6,3,4,3,2,3,5,4,3,3,5,8,3,2,3,4,3,2,2,4,2,4,3,2,4,1,3,2,3,2,1,4,2,1,2,2,3,3,2,2,4,2,1,3,3,3,1,1,3,1,2,5,3,5,3,6,3,3,2,3,2,1,4,4,2,3,2,4,2,3,3,3,2,2,3,2,3,3,3,4,4,3,1,4,3,2,2,1,2,7,2,1,1,4,5,1,4,2,1,3,3,6,2,2,2,3,3,3,2,3,5,3,4,1,3,6,2,3,3,3,2,3,3,2,4,2,4,1,2,3,2,2,8,1,3,1,3,3,2,3,2,3,2,2,9,4,3,2,2,2,2,1,4,2,3,5,2,1,3,3,2,2,1,3,2,13,4,3,1,6,5,3,3,3,7,5,2,2,3,4,6,1,2,3,2,3,2,3,3,3,8,2,2,2,2,4,3,3,2,2,4,1,3,1,3,6,10,3,2,3,2,8,1,2,4,2,1,1,3,2,3,1,3,2,2,4,2,2,2,2,3,2,4,7,5,3,4,2,3,5,4,1,1,2,2,3,5,2,1,2,3,2,1,3,3,2,2,1,9,2,3,2,1,2,2,3,3,1,2,2,3,2,3,7,3,3,2,7,3,3,10,2,2,3,1,2,1,2,1,3,2,2,1,2,2,3,1,3,3,2,1,3,4,2,4,1,3,2,2,3,2,2,1,3,3,2,1,2,2,3,3,2,2,3,2,1,2,1,1,1,2,3,2,2,1,1,1,1,1,1,1,2,2,3,9,2,3,3,2,2,2,3,2,3,2,3,1,1,2,2,3,3,3,2,3,2,2,3,3,3,3,1,2,2,3,2,2,1,2,2,2,3,1,2,3,2,2,2,2,3,3,2,1,2,4,2,3,2,3,1,3,3,3,2,1,1,2,2,2,4,3,2,2,2,2,3,4,2,2,2,2,3,2,2,3,2,2,2,2,3,1,2,3,4,3,3,3,2,2,2,2,2,3,1,2,2,2,2,3,3,3,2,2,2,2,3,2,3,1,2,2,1,2,2,2,3,3,3,2,3,1,2,2,2,1,2,2,2,3,2,3,3,3,3,2,2,2,3,4,3,3,3,2,3,2,3,2,3,6,6,6,2,2,3,2,3,3,2,4,3,2,3,2,2,2,2,2,2,1,2,3,2,3,2,1,2,3,2,2,3,4,2,2,2,2,2,2,2,2,2,2,4,5,7,4,9,2,5,2,2,2,3,2,2,2,2,2,2,6,3,3,3,2,2,1,2,3,2,3,2,2,4,2,1,3,3,9,2,2,1,3,3,4,2,2,3,3,2,3,2,9,2,2,4,2,4,3,2,2,4,3,4,2,2,2,2,2,1,2,4,3,3,2,4,3,6,2,2,2,2,2,2,2,2,2,2,2,2,2,3,2,2,2,2,2,2,2,2,2,3,2,2,4,2,3,3,1,2,2,2,2,2,2,3,2,2,2,2,2,3,3,3,2,4,3,2,3,2,3,3,1,3,3,2,2,3,2,3,2,2,2,2,1,2,2,2,2,3,2,2,2,2,3,3,3,2,2,3,7,2,3,2,2,2,2,3,3,2,4,3,3,2,2,33,67,11,2,4,18,4,3,2,3,3,3,8,3,3,3,4,2,3,8,3,2,4,3,1,5,2,2,3,3,4,7,3,4,2,2,2,2,5,3,2,3,3,2,1,3,1,2,2,3,4,3,3,3,4,3,6,3,4,8,6,2,2,4,4,5,4,6,3,5,1,3,4,4,4,3,4,3,2,3,3,4,3,4,3,3,5,2,3,10,3,2,3,4,3,4,2,3,4,6,3,2,3,3,3,2,7,4,3,5,2,3,3,2,8,3,3,2,3,8,2,4,4,3,7,4,7,2,3,3,3,2,3,3,4,4,4,4,2,3,4,3,2,3,1,3,3,3,3,4,2,2,3,3,7,2,1,2,3,3,2,4,3,7,4,11,3,6,3,5,2,7,6,4,5,3,9,2,3,3,3,4,2,3,2,1,1,2,2,2,3,4,2,4,3,3,2,3,5,4,3,3,2,3,3,2,7,3,3,4,2,2,2,2,4,3,7,8,1,5,3,2,5,2,2,1,6,2,3,3,4,5,3,3,3,2,3,2,2,4,2,3,3,2,4,3,8,3,3,4,3,2,2,2,2,2,2,3,3,3,3,3,4,3,3,2,2,3,2,2,3,2,4,3,4,3,3,3,4,2,2,4,3,3,1,2,2,2,1,1,3,4,6,3,3,3,4,2,3,1,5,4,4,3,5,1,2,4,3,3,4,5,3,5,8,1,3,2,1,2,2,2,3,5,2,2,4,1,3,7,4,2,4,3,2,3,3,3,2,3,5,3,3,2,2,2,1,1,1,0,2,3,3,3,3,2,3,2,3,3,3,2,8,3,2,1,4,3,4,3,2,3,1,2,2,2,3,2,3,4,2,1,2,2,1,2,3,1,3,3,2,2,4,2,5,2,3,3,3,6,4,3,2,1,2,2,10,3,2,3,1,3,2,2,3,1,2,3,3,3,1,3,2,3,3,1,2,2,3,3,1,2,2,1,2,2,2,1,3,5,2,2,2,2,2,3,3,2,2,3,3,2,3,2,2,4,13,2,5,2,2,1,1,4,2,3,3,3,2,2,2,3,2,3,2,2,2,3,4,4,1,2,1,2,2,1,2,2,1,2,1,1,3,3,1,2,3,2,3,2,3,2,3,10,2,5,4,1,2,2,3,2,2,3,4,3,2,3,3,2,2,2,4,2,3,2,2,2,3,1,3,2,6,2,3,1,2,2,2,1,3,2,7,2,2,2,2,1,6,4,2,3,3,2,3,1,2,1,1,2,1,3,2,3,11,8,3,2,3,1,2,2,2,1,1,1,1,7,3,2,1,1,2,1,2,3,2,3,1,2,2,3,1,2,11,12,1,1,2,2,1,2,1,1,2,2,2,1,1,2,1,1,1,1,1,1,2,2,3,1,2,2,1,2,2,1,1,2,2,2,1,1,1,3,3,2,2,2,2,2,3,2,3,2,2,3,1,3,2,3,1,1,2,1,1,2,1,2,2,2,2,3,1,2,2,6,3,1,3,2,2,2,2,1,2,2,9,2,2,3,1,1,3,1,1,2,1,5,1,5,2,3,2,2,3,3,2,2,2,2,1,2,1,3,1,3,1,1,3,3,3,1,1,3,2,1,3,2,3,2,2,1,2,3,2,2,1,1,2,1,1,3,2,3,1,1,1,2,2,2,1,2,4,1,36,6,10,5,2,7,3,2,3,3,3,3,4,3,3,2,3,3,2,4,6,4,2,3,1,6,3,3,2,3,2,2,3,1,1,4,4,1,2,3,3,1,3,2,2,1,3,2,3,2,1,3,1,5,2,2,3,3,4,9,3,3,3,8,3,4,1,4,5,2,2,3,2,4,2,3,4,4,3,2,3,1,4,3,2,2,4,2,3,3,3,4,4,2,3,2,5,3,3,3,2,2,7,1,4,2,3,2,3,3,3,3,3,4,7,5,4,8,3,2,2,3,4,4,2,3,4,7,2,3,1,3,3,3,4,2,4,9,3,1,3,2,4,3,3,3,8,2,2,4,3,2,8,1,2,2,1,3,3,2,6,1,1,3,1,2,8,3,2,2,2,2,2,2,3,7,2,8,1,3,3,3,2,4,2,1,1,3,9,2,2,1,3,1,3,2,3,2,1,3,3,2,3,1,3,4,1,2,3,3,5,3,3,3,2,3,2,3,3,1,2,3,3,4,2,2,1,9,2,3,1,3,2,2,5,1,2,5,5,2,3,3,2,3,3,3,3,2,3,3,3,2,3,2,1,7,2,3,2,7,4,3,3,6,3,2,3,1,2,3,5,2,1,3,2,1,3,1,2,4,6,3,2,1,1,2,2,1,1,3,1,5,1,3,1,6,4,1,3,2,3,1,3,4,3,2,2,1,3,1,1,1,1,4,1,1,1,2,3,3,3,3,1,3,2,2,1,1,2,1,2,2,2,2,2,1,2,1,2,2,1,4,3,3,8,4,2,3,2,3,2,3,1,3,1,3,2,2,2,2,3,2,1,2,1,1,2,3,1,2,1,1,2,2,2,4,2,2,2,3,1,3,3,3,8,3,2,1,7,1,2,1,1,3,2,2,2,3,1,3,2,2,1,2,2,9,2,2,1,1,2,1,2,1,2,3,3,2,2,3,2,1,3,1,1,2,2,2,2,1,1,2,2,2,1,3,1,2,2,1,2,1,1,1,1,1,1,4,3,4,2,3,1,1,1,9,4,2,4,1,2,2,2,1,2,1,2,3,3,1,1,3,1,1,2,2,2,1,2,2,1,1,2,2,2,3,3,1,4,3,1,2,2,2,1,1,1,3,1,1,2,2,1,2,2,8,2,2,1,1,1,3,1,2,1,2,2,4,3,1,3,3,1,1,3,1,3,3,2,1,3,2,1,3,2,2,2,2,2,3,3,0,1,2,1,3,1,3,1,2,2,2,1,1,2,3,2,1,2,1,3,1,1,2,1,2,1,2,2,2,2,1,3,1,1,1,3,2,2,1,2,5,2,1,1,3,2,1,4,4,2,6,2,2,1,3,2,1,1,2,4,1,0,3,5,2,2,2,1,2,2,1,2,3,2,2,2,1,3,2,1,1,2,1,2,1,3,1,0,1,3,2,1,2,1,3,3,2,3,3,2,1,2,1,2,1,3,1,1,2,0,1,3,3,3,2,1,3,1,4,2,2,1,1,2,2,3,1,2,3,3,3,2,2,1,3,2,2,2,2,1,2,3,3,3,2,1,3,3,4,1,2,3,2,1,3,1,3,2,2,3,2,6,1,3,3,2,3,2,2,2,2,1,4,1,2,3,2,3,3,1,2,2,2
3,10,0,0.135,3,3,2,2,13,8,3,3,5,3,5,7,4,3,3,5,3,2,2,4,3,4,4,3,2,3,5,2,3,5,3,7,4,2,3,8,3,4,3,1,3,3,3,3,3,2,2,2,4,2,3,4,3,3,3,6,8,6,4,4,3,4,3,4,2,4,11,1,2,3,4,3,4,3,2,2,2,1,3,1,3,3,2,3,3,3,2,2,3,1,2,3,3,4,3,3,2,2,3,1,2,6,3,1,2,2,4,3,1,2,3,4,3,2,3,2,2,3,3,3,1,4,4,2,3,3,2,1,3,11,3,2,1,3,1,2,2,2,4,5,1,3,2,3,4,3,3,4,1,9,3,2,2,2,9,1,3,4,2,4,4,4,2,3,4,3,4,4,1,4,2,2,3,3,2,2,1,2,2,3,2,3,1,3,3,3,4,1,3,3,3,3,1,2,3,3,2,3,1,3,3,2,3,5,2,2,3,3,1,4,3,4,4,3,1,2,5,3,2,1,3,1,1,2,2,2,2,1,3,1,3,3,3,2,1,3,2,5,5,3,2,3,1,3,2,7,1,1,2,3,3,2,2,2,3,3,1,4,1,1,3,4,2,3,3,3,4,3,2,3,3,5,7,5,2,3,4,3,3,3,5,3,4,1,5,3,3,3,4,3,1,5,2,29,3,8,3,2,7,2,2,6,6,3,3,4,5,5,3,4,4,10,3,2,3,7,3,3,5,3,1,1,3,3,3,4,3,3,2,3,3,3,4,5,6,3,3,2,3,4,2,4,2,3,3,4,4,3,5,1,5,4,3,2,2,2,2,3,2,10,3,3,3,7,1,3,3,3,2,3,5,2,3,2,2,2,2,3,4,5,3,4,4,4,3,3,4,3,3,4,7,3,3,8,1,3,2,3,7,3,2,2,2,4,3,3,3,2,3,3,3,3,3,5,3,4,3,3,5,9,3,3,3,2,2,2,4,2,3,3,4,3,4,3,3,4,2,3,3,2,3,2,3,3,3,1,2,3,2,4,2,2,2,2,2,3,3,1,7,4,3,1,3,3,3,2,6,14,2,1,3,2,2,2,2,3,3,3,3,3,9,3,3,1,3,1,4,4,2,2,3,2,3,3,2,3,2,3,4,2,3,3,3,4,3,3,3,4,4,4,2,3,3,3,3,3,2,2,2,2,2,2,4,6,3,3,3,1,1,4,3,2,6,2,3,1,3,3,3,4,5,2,2,1,8,6,2,3,3,3,4,2,2,3,4,2,3,3,4,3,3,4,8,3,3,3,3,2,2,3,2,2,4,4,3,3,3,3,3,25,10,8,3,2,7,5,3,3,4,4,3,4,2,4,1,3,4,3,3,3,5,4,1,5,1,3,6,2,3,3,4,3,3,4,2,5,3,1,2,6,3,4,4,3,1,2,14,3,1,3,7,4,3,1,2,2,3,4,7,4,3,3,2,3,1,4,5,3,2,2,2,3,2,3,2,3,3,3,3,3,3,2,3,2,2,3,1,2,2,4,1,3,2,6,2,3,3,2,5,3,3,2,3,3,5,8,3,4,4,2,3,4,7,3,3,3,2,1,2,2,5,1,2,3,2,3,1,3,1,2,4,3,2,2,5,3,2,3,3,1,1,3,3,4,3,2,4,4,3,8,2,3,3,1,3,1,7,1,3,3,2,3,2,2,3,2,3,2,3,4,5,4,3,3,2,2,2,3,2,1,3,3,3,2,2,2,1,3,2,3,2,4,2,2,2,3,2,25,2,3,12,11,2,3,1,3,6,2,3,3,3,3,3,3,15,3,4,3,2,1,1,2,3,5,1,3,1,3,2,2,1,1,3,2,3,2,3,1,3,3,2,2,3,2,1,2,2,1,3,1,1,3,5,3,3,3,2,3,2,2,3,3,1,1,3,2,1,4,4,3,3,2,3,2,2,1,2,3,2,3,2,8,1,2,7,1,3,1,1,3,3,15,5,3,3,2
3,10,0,0.0124,65,5,4,8,11,3,4,2,4,3,2,4,4,4,3,3,4,2,4,2,33,5,8,10,16,5,3,4,4,2,4,4,6,5,4,3,4,3,5,3,9,37,3,2,2,9,3,5,5,3,3,3,3,3,3,3,3,2,4,3,1,4,4,8,2,3
2,10,0,0.333,70,2,2,2,2,4,4,4,2,5,1,4,4,2,2,4,5,3,9,6,4,2,6,5,5,2,3,3,2,4,3,3,2,3,2,2,3,1,1,2,6,1,2,1,3,1,3,2,1,3,5,4,2,2,4,3,1,4,4,3,4,6,3,7,1,9,8,4,2,6,2,2,2,3,4,2,6,2,1,2,4,2,4,3,2,3,1,4,2,1,2,3,3,2,5,1,2,2,3,1,3,2,5,1,1,1,3,2,2,3,3,3,3,4,1,4,2,3,1,9,2,4,2,2,3,3,3,4,2,2,2,3,2,4,3,2,2,3,4,2,2,2,3,5,8,3,3,7,3,3,2,2,3,3,1,2,4,3,2,3,2,3,2,2,3,3,2,2,1,2,2,2,2,2,1,3,3,3,4,2,4,3,4,4,2,2,2,3,3,3,2,3,3,2,2,1,1,1,1,3,2,1,1,3,2,3,12,1,3,3,2,3,2,2,1,3,4,2,3,2,2,3,1,2,4,1,3,3,2,3,2,1,1,3,3,1,2,4,2,1,4,3,3,3,3,3,3,4,4,3,3,3,3,3,2,3,3,4,2,3,2,1,3,2,2,4,2,2,8,2,2,2,3,1,3,5,3,2,2,1,20,2,3,3,1,1,3,2,2,1,5,1,1,2,2,4,3,2,6,2,3,3,3,2,6,5,2,1,1,3,3,1,2,2,3,3,3,3,7,9,2,7,1,1,2,1,1,2,1,1,8,3,2,2,1,1,2,3,1,4,2,3,1,7,1,2,2,3,3,3,3,2,1,1,2,2,2,1,3,2,1,4,1,2,3,2,2,1,3,1,2,6,3,1,1,2,1,2,3,3,1,3,2,2,4,3,1,2,2,2,2,1,1,2,1,2,2,3,2,2,3,3,1,1,1,3,1,3,1,3,1,3,4,4,1,2,2,2,2,1,1,2,1,3,3,3,2,1,4,1,2,1,3,3,2,1,1,1,2,1,1,3,3,1,2,2,5,1,3,1,5,2,2,2,4,1,4,2,1,1,2,2,3,2,3,8,10,15,19,18,17,18,21,24,1,9,5,15,16,16,15,16,16,16,14,17,23,10,10,11,12,7,22,21,17,24,25,24,24,26,27,27,40,45,28,30,33,34,38,53,18,18,23,23,22,8,5,2,7,4,11,11,11,1,2,1,3,4,2,4,9,15,22,22,21,19,21,21,21,27,30,3,5,6,7,8,10,12,12,13,14,15,21,28,36,38,40,40,40,41,41,39,32,41,44,46,72,72,55,75,72,64,65,73,79,70,48,76,78,72,71,73,81,79,85,2,6,7,2,2,2,2,2,12,10,11,12,18,17,15,19,14,23,17,23,24,24,25,23,27,26,40,36,36,39,31,49,57,51,56,68,3,4,7,7,2,3,2,3,3,6,4,8,7,2,2,4,4,6,6,2,3,2,3,3,6,7,7,8,2,3,1,3,3,3,3,2,2,4,6,3,3,1,2,1,2,1,2,2,0,0,1,2,1,1,3,2,2,3,2,2,1,1,2,1,2,1,4,4,2,2,2,2,2,1,1,2,1,2,2,2,1,1,2,2,2,3,4,4,2,2,1,2,2,1,4,3,2,2,2,1,1,1,1,2,1,3,2,2,2,1,3,2,2,2,1,3,1,1,2,2,1,3,2,5,2,2,1,1,3,1,2,2,2,2,2,3,3,2,1,3,1,3,2,1,2,2,2,2,2,2,3,2,2,2,2,1,2,2,3,4,1,2,2,3,2,2,3,3,2,2,2,2,2,2,2,2,1,2,3,2,2,2,1,1,2,2,2,2,1,2,1,3,2,2,2,1,2,2,3,2,2,2,3,2,2,2,2,3,1,2,2,2,2,2,2,3,3,2,3,2,2,2,2,2,2,2,1,2,2,2,2,2,3,3,2,3,2,1,1,2,2,3,1,2,2,1,3,2,2,2,2,2,3,2,2,2,2,2,1,2,2,2,2,2,2,2,4,2,3,2,2,4,2,2,2,2,2,2,3,2,2,2,1,2,1,2,1,1,2,4,1,1,2,2,2,6,2,3,2,2,2,2,2,2,2,2,3,2,1,2,2,2,2,2,3,2,2,2,2,2,1,1,2,2,1,2,2,3,2,3,2,1,2,2,3,1,2,2,2,2,3,1,2,2,3,2,2,2,3,2,2,2,2,1,2,1,2,7,2,2,2,2,2,1,2,3,2,2,2,9,3,2,2,2,2,1,2,2,2,1,2,2,2,2,2,2,2,2,2,2,2,2,3,2,1,2,3,3,4,2,2,2,2,2,2,2,3,2,2,2,3,2,2,2,2,2,3,4,1,1,2,2,2,2,1,5,2,2,1,2,2,2,1,2,2,1,2,2,2,2,1,2,1,2,2,1,2,2,3,2,2,2,2,3,2,3,2,2,2,2,2,1,2,2,2,2,2,1,2,2,2,1,2,2,5,2,2,2,1,2,2,2,2,2,2,2,1,2,2,2,31,46,36,2,3,2,3,4,4,4,2,4,4,3,2,4,3,2,4,14,2,3,4,2,4,6,4,1,2,3,2,2,3,2,3,3,3,1,4,4,8,2,6,2,4,3,3,2,4,3,5,3,4,3,6,1,6,1,3,3,7,4,2,3,3,2,2,2,4,5,5,2,3,4,2,4,3,2,4,1,2,3,4,3,2,3,3,4,2,3,1,3,3,3,4,2,3,3,2,3,5,3,2,1,3,3,5,1,2,2,3,2,3,2,2,9,1,3,4,2,5,4,3,4,11,5,6,2,2,8,4,1,3,6,1,1,1,3,3,1,1,4,2,4,2,2,2,2,4,2,3,2,2,4,4,2,2,3,3,3,3,2,3,2,2,3,1,3,2,3,12,4,3,1,3,3,9,3,3,5,3,1,4,3,2,3,5,2,5,3,2,3,2,4,2,2,3,4,9,3,3,1,3,6,2,2,1,2,2,1,3,3,2,3,1,1,2,2,2,3,2,4,31,5,5,13,3,2,2,3,3,3,3,2,3,1,2,2,2,1,3,4,2,2,3,6,1,2,3,2,1,1,3,3,1,1,3,2,2,5,3,5,4,3,4,3,3,2,3,3,3,3,3,2,2,3,3,2,6,3,2,3,1,3,2,1,1,2,3,1,4,3,2,4,3,2,3,2,2,2,2,3,3,4,5,4,2,2,2,4,3,2,2,3,3,3,2,2,2,2,2,1,7,4,2,2,2,3,2,2,3,3,2,2,2,2,4,2,3,2,2,8,6,2,3,1,3,1,3,1,3,2,4,2,2,3,1,3,2,3,2,2,1,1,3,2,2,4,2,2,2,2,4,1,2,8,1,3,2,3,1,2,8,1,3,3,2,2,2,2,2,1,3,2,4,5,2,1,3,1,2,12,10,2,1,2,4,2,3,4,3,4,2,2,3,2,2,2,3,4,1,4,4,2,2,2,3,3,1,2,2,2,3,1,1,6,3,4,2,5,3,2,2,3,2,5,2,6,2,3,3,3,6,3,2,8,6,3,2,3,3,1,3,4,3,2,2,3,1,3,6,1,3,3,1,1,3,3,1,2,2,1,3,2,1,2,1,2,3,2,3,1,3,2,1,3,1,2,4,3,4,3,2,529,3,3,1,1,70,2,27,2,2,2,2,4,1,1,2,2,312,2,1,3,2,4,3,7,3,2,2,2,3,3,2,2,1,2,2,2,4,2,3,2,2,1,3,4,16,146,181,2,4,1,5,195,2,2,7,2,5,2,2,1,1,3,1,3,3,3,1,205,1,24,3,2,1,3,3,3,2,1,2,1,2,1,1,1,2,320,1,2,2,1,1,4,3,2,2,1,1,3,2,1,3,3,1,1,5,6,5,1,1,1,536,263,508,468,397,42,251,62,918,670,959,526,865,423,33,1,4,1,2,2,1,3,1,1,1,6,3,1,1,3,1,1,2,222,2,1,1,1,1,1,1,2,207,1,101,1,1,2,2,1,1,1,1,2,3,7,1,1,2,1,1,2,2,2,1,1,3,2,1,1,4,2,1,2,2,2,1,1,1,1,3,1,2,3,2,2,2,1,4,1,1,2,1,4,2,3,1,1,2,1,1,1,1,2,5,3,1,1,1,2,0,1,1,2,1,3,2,1,1,1,1,1,1,3,1,2,1,1,2,1,2,1,1,1,1,2,1,2,1,1,1,1,2,2,1,1,1,1,2,1,3,2,8,1,2,1,2,1,1,1,2,1,2,1,3,1,3,1,1,3,2,1,1,1,1,3,1,1,1,1,1,1,7,1,1,1,1,1,1,1,2,1,1,1,2,1,1,1,2,1,1,1,1,2,1,1,2,1,2,2,1,1,1,1,1,1,2,1,0,1,5,1,4,1,1,1,1,1,1,1,3,1,1,2,1,1,1,1,2,1,1,1,1,1,1,1,4,1,1,2,2,1,1,1,1,1,1,1,1,1,1,1,1,1,1,1,0,3,1,1,2,1,1,1,6,1,1,1,1,1,2,0,0,1,1,1,1,2,1,1,1,0,1,1,1,1,1,1,1,1,1,1,0,1,1,1,1,1,1,1,1,1,1,1,1,1,1,2,1,1,3,1,1,8,1,1,1,1,1,1,1,1,1,2,1,1,1,1,1,1,1,4,1,1,1,1,1,1,1,1,2,1,2,2,2,1,2,1,1,1,2,1,3,5,7,0,1,0,2,4,2,1,1,1,1,1,1,0,1,1,1,0,1,1,1,1,1,0,1,1,1,1,0,1,1,1,1,1,1,1,1,1,0,1,1,2,1,1,1,1,1,1,8,5,1,1,1,1,1,1,1,1,2,1,2,1,2,1,1,0,1,1,1,1,2,1,0,4,1,1,1,0,0,1,1,1,1,1,1,0,1,1,1,1,1,2,1,1,0,1,1,0,1,1,1,1,1,2,1,2,1,2,2,1,1,1,1,0,1,0,1,1,1,0,1,1,0,1,1,1,1,1,1,0,1,1,1,1,2,1,1,1,0,1,0,1,0,1,1,1,1,1,1,1,1,1,0,1,1,1,0,1,1,1,1,1,1,1
2,10,0,0.128,44,4,6,7,4,2,2,2,2,2,3,3,3,2,4,2,2,1,3,2,2,3,2,2,1,4,4,3,2,2,2,3,3,4,2,2,2,3,7,6,3,3,2,2,5,2,2,4,3,2,2,1,2,2,4,3,2,5,2,2,2,2,5,3,2,3,1,5,3,3,1,3,2,4,2,3,2,3,2,3,2,2,2,3,3,2,3,1,2,1,3,3,2,1,2,3,2,3,3,3,2,3,4,3,3,2,4,3,3,2,4,3,3,2,1,3,3,1,4,2,1,3,2,3,2,1,3,4,2,3,4,3,8,1,3,2,1,3,4,3,3,1,2,4,6,7,2,1,2,2,3,3,3,3,1,3,2,1,1,2,1,6,3,1,3,2,4,1,1,2,3,3,2,2,1,1,1,4,2,4,3,3,3,1,3,1,3,3,3,3,2,3,1,2,1,4,3,1,2,3,3,3,3,4,3,3,3,2,2,1,4,4,2,4,1,3,3,3,4,1,1,2,3,2,1,2,3,3,1,2,3,1,2,3,1,2,3,3,2,2,2,1,1,3,1,3,3,5,1,2,3,3,2,3,3,3,6,3,5,2,4,1,12,3,2,3,3,4,3,2,2,5,4,1,1,3,2,1,4,4,1,9,2,3,3,3,3,7,6,6,7,2,2,4,3,6,4,2,3,7,9,2,2,2,2,2,3,9,2,2,3,5,1,4,3,3,2,1,3,3,1,3,3,4,3,2,3,3,2,1,3,1,2,2,1,11,4,2,2,1,2,1,2,4,2,3,2,1,3,3,3,2,2,4,2,4,5,1,4,1,2,2,1,3,2,3,3,3,2,1,2,2,2,3,3,2,1,1,3,1,2,2,2,1,4,3,1,2,1,3,2,4,3,2,2,3,3,2,2,3,2,1,2,3,3,3,1,1,3,3,3,2,3,4,1,1,1,2,2,3,2,3,2,3,3,1,1,7,2,3,2,1,2,1,1,2,2,2,34,3,4,3,41,2,5,2,3,5,4,2,3,3,4,6,4,3,3,4,9,4,3,3,2,1,2,2,2,1,3,2,4,3,2,4,5,3,4,4,4,3,3,4,4,2,4,3,8,2,3,4,6,6,1,1,2,3,3,5,2,2,5,5,2,2,4,1,1,7,3,2,4,1,1,3,1,3,2,2,1,1,1,2,3,9,4,3,2,3,4,4,3,3,1,7,4,3,3,2,3,3,2,9,2,2,3,1,3,4,2,2,3,1,1,5,3,3,3,3,3,3,1,2,2,3,3,1,2,2,3,4,2,3,3,2,3,1,3,8,10,1,2,2,2,9,2,3,2,3,2,5,1,2,3,1,3,2,3,3,2,3,2,2,3,1,1,4,2,2,3,7,2,2,4,4,2,3,3,1,4,2,4,2,2,3,3,2,2,2,3,2,1,2,3,3,3,2,2,3,6,3,2,3,2,3,3,1,2,3,2,2,2,3,3,5,3,4,2,3,1,2,2,2,2,3,2,5,3,2,10,3,2,2,3,2,3,2,1,3,2,3,2,3,2,4,3,2,4,3,2,3,2,4,2,7,1,2,2,3,2,3,2,3,3,3,3,2,2,3,2,3,2,2,3,2,3,2,3,3,3,3,3,3,4,3,1,1,3,3,1,2,4,3,6,2,3,3,3,2,3,3,1,4,5,3,1,5,3,3,3,3,2,2,2,2,1,2,4,3,3,3,1,3,1,2,2,2,6,4,5,2,3,3,3,2,2,3,3,3,2,2,4,3,2,1,2,2,1,4,1,9,3,2,3,3,3,3,1,3,3,3,1,3,3,3,3,3,2,1,3,2,2,2,3,3,4,4,1,3,3,3,1,1,1,1,1,1,2,1,1,2,3,2,2,2,1,1,3,5,2,2,1,3,4,2,5,6,2,3,2,3,1,1,3,4,1,2,3,3,2,3,2,3,4,4,2,4,1,2,2,2,3,2,5,3,1,2,3,2,1,3,1,1,3,2,2,8,1,3,2,1,2,2,3,4,1,1,3,3,2,1,2,3,2,1
2,10,0,0.0131,8,13,4,3,3,8,4,2,3,4,6,3,4,3,2,5,3,2,2,1,1,2,2,3,2,2,3,4,2,2,2,3,3,5,1,4,3,5,5,7,4,2,3,28,5,8,11,5,3,3,4,3,4,5,4,2,2,4,2,3,2,4,2,4,3,3,5,2,5,3,3,4,3,4,2,3
2,10,0,0.331,3,5,4,7,2,4,1,4,3,2,2,2,6,4,4,4,3,4,3,3,8,2,6,7,3,1,2,3,2,3,1,3,2,4,3,3,3,2,2,2,4,3,1,3,2,3,1,4,3,3,2,2,2,3,4,2,2,1,2,2,1,5,2,2,3,9,1,2,4,6,1,3,3,4,2,4,2,2,2,1,2,1,3,4,3,2,2,4,1,3,3,1,2,2,2,3,2,2,3,1,1,1,2,5,1,7,2,2,3,2,3,2,3,3,1,1,6,3,2,2,4,2,2,2,2,1,2,2,4,4,2,1,2,3,3,2,2,2,1,1,1,3,3,1,2,2,2,7,1,3,1,2,3,1,3,1,1,2,2,3,1,1,3,2,2,1,2,2,1,2,3,1,3,3,3,6,2,1,1,2,1,3,1,1,4,4,2,1,3,2,5,5,3,1,1,2,2,3,3,2,2,3,3,1,2,3,1,2,2,3,3,4,2,2,13,1,1,3,2,3,1,2,2,3,2,2,2,1,1,2,1,2,3,1,1,3,3,3,2,1,1,4,1,1,3,8,1,2,5,1,2,3,1,2,2,3,2,4,3,1,2,4,1,2,2,3,1,2,1,1,1,1,3,2,3,4,2,2,1,2,4,5,6,2,1,2,1,3,3,2,2,2,2,2,3,3,4,3,2,5,2,3,3,1,1,3,2,1,3,1,2,2,1,1,2,2,1,2,2,3,3,1,1,2,1,2,3,1,3,1,1,1,2,3,3,2,1,2,2,1,1,2,3,2,3,3,1,1,2,2,1,3,2,1,2,1,3,1,3,1,1,3,2,1,1,2,1,1,1,2,1,2,2,2,3,3,2,1,3,1,2,3,1,3,1,2,3,6,6,1,1,2,2,1,2,2,2,2,2,2,1,1,2,2,1,1,1,1,2,1,1,3,1,1,4,2,1,1,1,1,2,2,3,2,4,4,2,1,1,3,1,3,3,3,2,2,2,2,2,3,2,1,1,1,1,1,3,1,3,2,1,5,3,1,4,1,2,2,3,1,1,1,1,3,3,1,3,1,2,2,3,1,3,1,1,2,2,1,1,1,3,1,3,1,3,1,1,2,3,2,1,2,1,1,2,1,3,2,1,0,1,2,3,4,3,1,1,1,2,2,3,3,1,1,2,2,3,3,1,1,1,1,1,2,12,2,2,1,1,5,1,2,3,1,3,1,1,1,1,1,3,1,2,2,1,2,2,2,0,2,2,3,2,3,3,1,2,3,1,2,2,1,2,2,2,1,2,2,2,1,3,2,4,2,1,6,3,3,1,3,0,3,4,1,1,1,1,1,3,7,2,2,3,3,3,2,2,1,4,1,3,2,2,2,2,3,1,1,2,7,3,1,5,1,3,2,2,1,3,2,3,9,14,2,3,3,2,5,3,3,1,1,2,5,2,2,3,1,2,1,0,1,2,2,2,2,3,2,2,1,1,2,2,2,2,3,1,2,2,1,1,3,2,1,3,2,3,2,1,1,2,2,5,2,1,2,2,2,2,2,2,2,0,3,1,1,1,2,2,1,3,2,3,2,2,1,2,1,0,2,1,3,3,3,3,2,2,2,1,2,5,1,1,2,1,1,2,1,3,1,3,1,1,2,2,3,1,3,1,3,2,2,3,5,2,2,2,1,1,1,3,1,3,3,2,1,1,3,2,2,1,3,2,2,2,1,2,2,2,2,2,2,1,2,1,2,5,3,1,2,3,2,2,2,2,2,2,2,2,1,2,2,5,3,2,2,2,2,2,2,2,2,2,2,2,3,3,3,2,6,3,3,2,2,2,4,2,3,3,3,2,3,3,3,3,1,1,1,0,2,2,1,1,1,1,2,2,2,2,1,2,2,2,1,1,2,3,1,2,2,2,1,1,2,2,2,2,2,2,3,2,1,2,2,2,2,2,2,3,2,3,2,2,2,2,2,1,2,2,3,2,3,2,3,1,3,6,2,2,1,2,1,2,3,2,2,2,2,2,2,4,2,1,1,1,3,2,2,2,6,2,2,2,2,3,2,2,2,2,3,2,2,2,1,3,2,2,3,3,3,3,3,3,2,2,1,1,3,1,4,2,3,2,2,2,2,2,2,3,6,2,3,3,3,3,2,2,3,2,3,2,2,3,2,2,2,2,2,2,2,2,2,3,6,2,2,2,2,2,2,3,2,2,2,2,2,3,11,12,14,13,13,16,14,73,13,13,14,16,17,17,2,2,2,2,2,2,2,6,2,2,2,2,1,2,1,2,2,2,2,1,1,5,2,5,1,2,2,2,2,2,3,2,3,1,2,3,1,2,2,2,2,3,1,2,2,2,1,2,3,2,2,3,2,2,2,4,2,2,2,2,4,3,2,2,2,2,2,2,1,2,1,2,2,2,1,2,1,2,1,3,2,2,2,2,2,2,1,1,2,2,2,2,1,2,2,4,2,3,2,1,2,2,3,2,2,4,1,3,2,2,2,1,1,2,3,4,2,4,1,3,2,1,5,2,1,2,2,2,2,1,2,1,2,1,1,2,2,2,2,2,3,1,1,1,2,3,2,3,2,3,2,2,2,34,2,2,6,55,3,3,3,2,4,3,3,3,3,4,3,3,5,4,3,3,2,3,3,3,2,3,3,4,3,3,3,3,2,2,2,4,5,5,2,3,6,3,2,2,4,2,1,3,4,2,3,2,3,5,2,4,4,3,3,3,3,6,2,7,2,2,7,4,3,3,1,2,2,1,3,2,2,3,3,2,1,3,4,3,3,2,3,3,3,4,3,2,4,5,1,4,3,3,2,3,2,2,1,3,3,2,2,2,3,3,3,3,4,8,2,3,2,2,2,1,3,4,2,3,2,3,2,8,2,3,3,4,3,8,2,1,4,3,2,2,3,2,3,3,5,5,2,3,1,4,3,4,2,2,1,1,2,2,2,2,2,2,3,3,2,3,3,2,2,2,2,2,8,3,3,3,2,1,1,7,4,6,3,1,3,2,1,3,3,3,3,2,2,2,2,3,14,3,4,3,2,3,2,3,1,1,3,1,1,2,1,2,1,1,2,2,2,2,4,1,3,3,4,2,2,2,4,3,4,3,1,3,2,1,3,2,1,2,2,3,2,2,3,1,2,2,2,3,37,4,2,2,2,2,3,2,2,4,2,1,4,2,2,8,3,3,1,3,3,3,3,2,3,1,3,2,1,4,2,2,3,3,1,3,3,3,2,2,1,2,3,2,4,4,3,5,4,3,2,2,5,2,1,2,1,1,2,1,3,1,2,2,2,1,2,2,1,1,3,3,10,3,1,1,1,3,2,3,1,1,2,8,3,2,3,1,2,3,1,3,1,2,3,2,3,5,3,1,3,2,1,2,1,1,2,1,2,2,2,2,1,2,3,1,1,2,1,3,3,1,2,1,2,1,2,2,2,2,2,2,1,2,1,2,2,3,3,9,2,1,3,2,2,2,2,3,3,2,3,2,2,3,2,2,9,19,2,1,1,2,2,2,2,3,1,1,1,2,3,3,3,2,3,2,2,3,3,5,3,3,2,2,2,2,6,2,2,3,3,3,2,2,1,3,2,2,6,2,3,2,3,1,2,2,7,5,1,2,5,2,3,2,2,3,1,3,4,2,2,2,3,2,6,4,3,3,3,5,6,1,1,2,3,2,1,1,3,1,2,2,2,1,3,4,2,4,3,2,3,2,2,3,3,2,2,3,3,2,3,5,2,2,2,1,1,2,3,3,2,1,2,1,2,3,2,2,3,1,2,2,7,6,2,3,2,3,3,2,1,3,2,2,1,3,1,2,2,1,3,3,1,1,3,1,3,2,2,3,1,1,2,2,2,4,2,1,2,2,3,2,1,2,4,1,2,2,1,2,2,2,1,1,1,1,2,1,1,1,6,2,2,1,3,2,1,3,1,2,2,2,1,1,3,2,3,2,2,3,8,15,10,3,2,8,2,3,1,3,2,2,1,2,1,2,2,3,2,2,2,2,1,1,1,2,1,3,2,3,3,2,1,2,1,1,1,1,1,3,1,1,2,1,1,1,1,2,1,1,3,1,2,0,1,14,3,1,1,2,1,1,2,3,1,1,2,3,1,1,2,2,3,3,2,2,2,2,2,1,3,2,0,3,2,2,3,2,1,3,1,1,6,1,2,2,2,2,1,1,1,2,1,3,2,2,2,1,1,2,2,1,2,2,1,2,2,8,2,1,3,2,1,2,1,2,2,1,1,3,1,1,3,1,3,3,2,2,3,4,2,1,3,1,1,1,2,2,1,1,1,1,1,1,1,5,1,1,1,1,2,2,3,1,2,2,1,1,1,1,1,1,1,1,3,1,1,1,1,1,2,1,2,2,2,1,1,1,1,1,1,2,2,2,1,1,1,2,1,1,1,1,1,1,2,2,2,2,2,1,2,2,3,2,2,2,1,2,3,2,3,3,2,2,1,1,2,2,2,2,1,1,1,1,1,9,1,1,2,2,1,2,3,2,2,1,2,2,1,1,5,1,2,1,1,2,3,2,2,1,3,2,1,1,5,1,1,2,2,1,1,1,1,1,1,1,1,1,1,0,1,2,2,1,2,2,1,2,8,2,2,1,6,1,1,1,2,2,7,1,2,2,2,2,2,0,3,1,1,1,2,2,3,2,2,1,1,1,1,1,1,0,1,1,1,1,1,1,1,1,1,1,13,1,2,2,1,2,1,1,2,2,1,2,2,1,2,2,2,2,2,1,2,2,1,2,4,1,3,1,1,1,1,1,2,1,1,2,14,14,13,13,13,19,7,9,12,9,10,12,15,16,18,17,20,2,1,1,1,2,3,2,2,2,1,1,1,1,2,1,1,1,1,1,1,1,2,1,1,1,1,1,1,2,1,1,1,2,2,2,1,1,2,2,2,1,1,2,1,1,2,1,1,1,1,1,1,2,2,1,2,1,2,2,3,2,1,2,1,1,5,1,2,2,2,1,1,1,2,1,1,1,1,1,1,0,1,1,1,0,1,1,1,1,1,1,1,1,1,0,1,2,2,1,1,1,1,2,2,1,1,2,2,1,1,0,1,1,1,1,2,1,2,1,1,1,2,2,2,1,1,2,1,1,1,1,1,1,2,1,1,0,1,0,0,1,1,0,1,1,2,2,4,1,1,2,1,2,2,1,1,2,2,1,2,1,2,1,0,1,1,2,2,1,1
2,10,0,0.141,4,2,5,9,4,5,4,4,4,3,3,2,2,4,2,5,2,3,2,9,2,8,2,2,5,2,2,2,4,3,2,2,4,4,2,2,6,2,3,12,4,2,2,1,4,4,4,2,3,3,1,2,2,3,3,1,3,2,3,2,8,7,4,3,2,7,3,2,2,1,4,4,2,2,1,4,2,3,1,5,2,1,2,1,1,4,3,2,3,2,4,4,2,2,2,4,2,4,3,2,3,1,2,1,2,5,1,2,3,3,4,1,3,1,4,6,2,1,3,4,3,2,3,3,2,3,4,4,6,1,3,3,3,3,3,2,3,2,1,3,1,2,1,3,9,2,8,8,6,2,2,2,1,2,2,3,1,4,3,2,2,1,3,2,2,2,5,3,1,4,1,4,2,4,3,3,4,2,2,1,4,2,3,2,5,3,3,3,2,2,1,1,2,1,4,2,2,2,3,11,2,3,1,3,3,3,2,2,2,2,3,2,4,2,4,1,2,1,4,2,2,3,3,2,2,2,3,2,1,1,4,3,2,1,1,2,2,3,1,3,3,2,1,1,2,2,3,1,3,1,2,1,1,2,1,3,4,3,2,3,2,3,4,3,3,2,4,2,2,11,4,1,2,2,2,2,2,8,1,1,5,3,1,2,1,2,1,1,3,3,1,5,3,1,3,5,4,1,1,2,1,6,4,1,1,1,8,3,1,4,1,1,1,3,1,1,1,1,1,3,1,1,2,1,3,1,3,1,1,3,1,2,1,3,2,3,1,2,2,5,3,1,2,3,3,1,2,1,1,2,1,1,2,2,1,2,1,1,1,3,3,2,2,2,5,4,3,1,4,2,2,1,2,1,1,1,2,3,2,2,1,2,2,1,1,3,1,3,3,1,1,1,1,3,2,4,2,2,3,3,1,1,5,5,3,1,1,2,2,2,2,5,1,1,2,1,2,4,3,1,4,3,2,3,4,3,3,3,1,1,1,2,2,2,2,3,1,2,7,1,2,1,3,1,3,1,6,3,4,1,2,2,14,1,4,1,2,2,3,1,3,1,31,7,7,8,2,16,4,3,4,4,4,3,4,5,6,3,2,5,2,2,3,3,3,4,3,4,5,2,2,3,2,3,1,2,3,2,1,2,3,4,4,2,7,2,4,3,3,3,5,4,2,2,4,4,4,2,2,2,2,5,8,3,2,2,11,2,4,8,5,4,3,3,1,3,4,3,3,2,2,5,3,2,3,3,4,5,3,3,3,1,3,3,1,3,3,2,4,2,8,3,3,2,3,1,4,2,1,2,1,3,4,3,3,2,4,3,3,4,4,2,3,2,4,3,2,4,3,3,2,4,2,4,3,4,1,3,1,2,2,4,1,3,10,3,4,8,3,3,2,1,2,11,2,9,3,3,3,3,3,2,2,2,2,5,2,3,2,2,1,2,4,3,2,3,2,3,3,3,4,3,3,2,1,2,3,4,2,3,1,3,2,3,3,1,1,3,3,3,2,3,2,6,2,4,4,3,2,2,3,2,2,3,2,4,3,4,2,6,3,2,3,3,3,3,3,3,2,1,4,3,2,3,4,2,2,3,2,1,2,4,2,4,3,2,3,3,3,4,4,3,4,2,3,2,2,4,3,1,3,3,2,3,2,1,2,3,2,3,2,3,2,3,3,3,3,2,2,4,3,1,4,3,2,3,3,3,2,4,4,3,3,6,3,1,1,2,2,3,3,2,5,2,2,2,1,1,1,1,2,2,3,2,3,2,2,2,2,2,4,2,4,2,2,9,3,2,2,2,1,2,3,3,3,2,4,3,3,2,2,2,3,2,2,4,3,2,3,11,2,2,2,3,3,2,3,1,3,8,3,4,2,3,3,2,2,1,1,4,3,3,3,3,2,2,2,2,1,1,1,2,3,2,3,3,4,2,3,2,4,2,1,2,2,3,3,1,5,1,3,2,2,1,1,1,3,2,3,2,4,3,2,2,2,4,2,2,2,4,6,3,4,3
2,10,0,0.0140,2,3,2,4,2,2,2,2,3,4,2,2,5,3,2,2,5,3,1,3,5,2,4,4,2,3,5,2,2,5,3,3,4,4,4,2,6,4,4,44,4,4,6,2,5,6,4,2,3,5,3,2,4,3,5,4,4,5,2,4,5,3,10,2,3,2,7,4,5,3,2,6,3,5,3,9,6,4
1,10,0,0.327,3,2,3,2,3,1,1,2,2,2,2,2,2,1,2,2,1,2,1,2,1,3,1,2,1,2,2,1,1,2,2,2,3,2,9,2,2,2,2,2,1,2,1,2,2,2,2,2,3,2,3,2,2,1,2,2,2,5,10,10,7,1,1,6,5,1,1,1,1,2,2,2,2,1,2,1,1,1,1,2,2,2,2,3,2,2,2,2,2,2,2,2,2,5,1,1,2,2,2,3,3,2,2,2,2,2,2,3,2,1,2,2,2,2,2,2,2,2,2,5,2,1,1,1,6,1,1,1,1,1,1,1,1,4,2,1,1,2,1,2,2,14,2,2,1,2,2,2,5,1,1,1,1,1,1,2,1,2,2,7,1,1,2,1,1,2,3,2,2,1,2,2,2,2,2,2,1,2,2,2,1,1,2,1,1,2,1,2,1,1,1,1,1,9,2,1,1,1,1,1,1,1,1,1,1,7,1,1,1,2,1,2,2,1,1,2,2,1,2,2,2,2,1,2,1,1,1,1,1,1,1,1,1,1,1,1,1,1,1,1,1,1,1,2,2,1,1,2,1,1,1,1,2,1,1,2,1,1,1,1,1,1,1,1,1,2,1,1,1,2,1,1,7,1,1,2,1,1,1,1,1,1,1,1,1,2,1,3,1,1,2,2,1,1,1,2,9,1,1,1,1,1,1,2,2,1,1,1,1,1,2,1,1,1,2,1,1,1,1,1,1,1,1,3,1,1,1,2,2,1,1,2,1,2,1,1,1,1,1,2,1,2,2,1,1,2,1,1,1,1,5,1,1,1,1,1,2,1,1,1,1,2,1,1,1,1,1,2,2,1,1,1,1,1,1,1,9,3,1,0,1,1,1,1,1,2,1,1,1,1,1,1,1,1,2,2,1,1,1,1,1,1,1,1,2,1,1,1,3,3,1,1,1,6,1,1,1,1,1,1,1,2,1,1,1,1,1,2,1,1,1,1,1,1,1,1,1,2,1,1,1,1,1,1,1,1,5,1,6,1,1,1,2,1,5,2,1,2,1,1,1,1,1,1,1,1,1,1,1,1,1,2,1,1,1,6,1,2,2,2,1,1,1,1,1,1,1,1,3,1,1,1,2,1,1,1,1,1,1,2,1,2,1,1,1,1,2,1,1,1,1,1,1,1,1,1,1,1,1,1,1,2,2,1,1,1,1,1,1,1,1,1,1,1,1,1,1,1,1,1,1,1,1,1,1,1,0,1,1,1,1,1,1,1,1,1,1,1,1,2,1,1,1,2,1,1,2,1,2,2,1,1,1,1,1,1,1,2,1,1,1,1,1,1,2,1,2,1,0,1,1,1,1,1,1,1,1,0,1,1,1,2,1,1,1,2,1,1,7,3,1,2,1,2,1,2,5,1,1,1,2,1,1,1,1,1,1,2,6,1,0,1,1,2,1,1,1,6,1,0,1,1,1,4,1,1,1,1,1,1,1,1,1,1,1,1,1,1,1,0,1,1,1,1,1,1,1,1,1,1,2,1,1,1,1,1,1,1,1,1,1,1,1,1,1,1,1,1,0,2,1,1,1,1,1,1,1,1,1,1,1,1,1,1,1,1,1,0,1,2,0,0,1,0,1,1,2,1,1,0,1,1,1,1,1,1,1,1,1,1,0,1,1,1,1,1,0,0,6,1,1,1,1,1,1,2,1,1,1,1,1,1,1,1,1,1,1,1,1,1,1,1,1,1,1,1,1,1,1,1,1,1,2,1,1,1,1,1,1,1,1,1,1,1,1,1,2,1,3,1,2,6,5,1,1,1,1,1,1,2,1,1,1,1,1,1,1,0,1,1,0,1,1,1,1,1,1,1,1,1,1,2,1,1,1,1,1,1,2,1,0,1,1,1,1,2,1,1,1,1,1,3,2,2,1,1,1,1,1,1,1,1,1,1,0,1,2,1,1,1,1,1,1,2,1,1,1,1,1,1,1,1,1,1,1,0,1,1,1,2,1,1,1,1,1,1,2,2,1,1,1,1,1,1,8,1,1,1,1,1,1,2,1,4,1,1,2,1,1,1,2,1,2,0,1,1,1,1,1,1,1,2,3,4,1,1,1,1,1,1,0,1,1,1,1,1,1,1,2,1,1,1,1,7,2,1,0,1,0,1,1,1,1,1,2,1,1,1,1,1,1,2,7,2,1,1,1,1,1,1,2,1,2,1,1,1,6,2,1,1,1,1,1,1,1,1,1,1,1,1,1,1,1,1,1,1,1,1,1,1,1,1,1,1,1,1,1,1,1,1,1,1,1,1,1,1,0,1,1,1,1,1,2,1,0,1,1,2,1,1,0,1,1,1,1,0,1,1,1,1,1,1,1,1,0,1,1,1,1,1,1,1,1,1,1,1,1,1,1,1,1,1,1,1,1,0,1,1,0,1,1,1,1,1,1,1,1,1,1,0,1,1,1,1,1,0,1,1,1,1,1,1,1,0,1,1,1,1,1,1,1,1,1,1,1,2,2,1,1,1,1,1,1,1,1,1,1,1,4,1,2,1,1,1,1,1,1,0,2,1,1,1,1,2,1,4,1,1,1,1,1,1,1,1,1,1,1,1,1,0,1,1,1,1,1,2,1,0,1,1,1,1,1,1,0,1,1,1,1,1,0,1,0,0,1,1,1,1,1,1,1,0,0,2,1,1,1,2,1,1,0,1,1,0,1,1,0,1,0,1,1,1,1,1,1,0,0,3,1,1,1,1,0,1,0,1,1,1,1,1,1,1,1,1,1,1,1,1,1,1,1,1,0,1,1,1,1,1,1,1,1,1,1,1,1,1,1,1,1,2,1,1,1,1,1,1,0,1,1,2,2,2,1,1,1,1,1,1,1,1,1,2,1,1,0,1,1,1,1,4,1,1,1,1,1,1,7,1,1,1,1,1,1,1,1,1,1,1,1,1,1,2,2,1,1,1,1,1,0,1,1,1,1,1,2,2,1,1,1,1,1,1,1,1,1,1,1,1,1,1,1,1,1,2,1,0,1,1,1,1,1,1,6,1,1,2,1,1,1,1,1,1,0,1,0,1,0,1,1,1,0,1,2,0,1,1,1,1,1,1,1,1,1,1,1,1,0,1,0,1,4,2,1,1,1,1,1,1,1,1,1,0,2,2,1,1,1,2,1,1,1,2,0,1,2,0,1,1,3,1,1,0,1,1,1,7,1,1,1,1,1,2,1,1,1,1,1,1,1,1,1,1,1,0,1,2,1,2,1,1,1,1,1,1,1,0,1,3,2,1,1,1,1,1,1,1,1,1,1,1,0,0,1,0,1,1,1,1,5,3,1,1,1,1,1,1,1,1,0,2,1,1,1,0,1,1,1,0,1,1,0,1,0,1,1,1,1,1,1,1,3,1,1,0,0,1,1,1,3,1,1,0,1,1,1,1,2,1,1,1,1,1,1,1,1,1,1,1,1,1,1,1,1,0,1,1,0,1,1,6,1,1,1,1,1,1,1,1,0,1,1,0,0,2,2,1,1,1,1,2,1,0,0,1,1,1,0,1,1,1,0,1,1,1,1,2,1,1,1,1,1,0,1,0,1,1,1,1,1,1,1,0,1,0,1,1,1,0,1,1,0,1,0,1,1,1,1,1,1,1,3,1,0,1,1,1,1,0,1,1,1,0,1,1,1,1,1,2,1,2,1,1,2,1,1,0,1,1,1,1,0,8,1,1,1,1,2,1,1,1,1,2,2,1,1,1,1,2,1,1,1,2,2,1,1,1,1,0,1,0,0,1,1,1,1,1,1,1,1,1,1,1,0,1,1,1,1,1,1,1,1,1,1,1,1,1,5,0,1,1,1,2,1,1,1,1,1,0,0,1,0,1,1,1,1,1,1,0,1,0,1,1,0,1,2,1,3,1,1,1,0,1,1,1,1,1,1,1,1,1,1,1,1,1,2,1,1,1,1,0,1,1,1,1,1,1,1,1,0,1,1,0,1,1,1,1,1,0,1,1,1,1,0,1,1,1,1,1,1,1,1,1,1,1,1,1,0,3,1,0,0,1,0,1,1,0,1,1,1,1,1,1,1,0,1,1,1,1,1,1,1,1,1,1,2,2,1,1,1,1,1,1,1,1,2,1,1,1,1,0,0,1,1,1,0,1,1,1,1,1,0,1,2,1,1,1,2,1,1,2,2,1,1,1,1,1,1,1,1,1,2,1,1,1,0,0,1,0,1,1,1,1,0,0,1,2,1,0,0,0,1,1,1,0,1,1,1,1,1,0,1,1,1,1,3,1,1,1,0,1,1,0,0,1,1,1,0,0,1,1,1,1,1,1,1,1,1,1,2,1,1,1,1,1,1,1,1,1,1,1,1,1,1,1,1,1,1,1,0,1,0,2,1,1,1,1,1,1,1,1,1,1,1,1,1,1,0,0,1,1,1,0,1,1,1,1,1,5,1,1,1,1,0,1,1,1,1,2,1,1,1,1,14,0,1,1,1,1,1,1,1,0,1,1,1,1,2,1,1,1,0,1,1,1,1,1,1,0,1,0,1,1,1,1,1,2,0,1,2,1,1,1,1,1,1,2,1,1,1,1,1,1,1,2,0,1,1,1,1,1,1,0,1,1,1,1,1,0,1,1,1,1,1,1,1,0,1,1,1,1,0,1,0,1,1,1,1,1,0,1,0,0,0,0,1,1,1,1,1,1,1,1,0,1,1,1,1,0,1,1,0,0,0,1,0,1,0,0,0,1,0,1,1,1,0,1,1,0,1,1,0,0,0,0,1,1,1,1,0,1,0,1,1,0,0,0,1,1,0,1,1,1,1,1,0,1,1,1,0,1,0,1,1,1,1,1,1,1,1,1,1,1,1,1,0,0,1,1,1,1,0,1,1,1,1,1,0,0,1,2,1,5,1,1,1,1,1,1,0,1,2,1,1,2,2,1,2,1,1,1,1,1,1,1,0,1,1,1,1,1,1,1,1,1,1,0,1,1,1,1,1,1,0,1,0,1,1,1,1,1,0,1,0,0,0,1,1,1,1,0,0,0,0,1,1,0,1,1,1,1,1,0,1,1,1,0,1,1,1,1,1,0,1,0,1,1,1,1,0,1,1,1,1
1,10,0,0.127,3,4,2,2,1,1,2,2,1,1,1,2,2,2,2,5,2,2,2,1,3,2,2,2,2,2,2,2,1,2,2,2,2,2,2,5,1,2,2,2,1,2,2,4,2,2,3,2,2,2,2,2,2,2,2,2,5,1,1,2,7,2,2,5,2,1,2,1,2,2,1,2,1,4,2,1,1,3,2,1,3,2,3,3,2,2,2,2,1,3,1,3,2,2,2,1,2,1,3,5,2,2,1,2,1,2,2,1,2,1,7,2,1,1,2,2,4,1,2,1,2,1,1,2,2,1,1,1,2,2,2,2,2,1,1,1,1,2,3,1,2,9,5,1,1,1,1,1,2,7,3,1,1,2,1,2,1,1,1,1,1,1,6,1,2,2,2,2,2,1,1,2,1,2,2,1,3,1,2,2,2,1,1,1,1,2,1,2,2,1,1,1,2,8,6,1,2,2,1,2,7,1,2,2,1,1,1,2,1,3,1,1,1,2,1,1,1,1,1,1,1,1,1,1,1,1,2,1,2,2,1,1,1,2,1,2,1,1,2,1,1,2,2,1,2,1,1,1,1,1,1,1,2,1,2,1,3,2,1,2,1,1,2,1,2,2,1,2,1,5,1,1,1,2,1,1,2,1,2,1,2,2,2,1,2,1,2,1,1,3,1,1,1,1,1,2,8,1,1,1,2,1,1,1,1,1,1,1,1,1,1,1,1,1,2,1,1,1,1,1,2,1,1,1,2,1,1,1,2,1,1,1,2,2,2,2,1,1,1,1,1,1,1,1,1,1,1,1,1,1,1,1,1,1,1,1,1,1,1,1,2,1,2,2,1,1,5,2,1,1,1,2,1,1,1,2,2,2,1,1,1,2,2,1,2,2,2,1,1,2,2,2,2,1,2,2,2,1,2,9,1,1,1,1,2,1,1,1,1,1,2,2,1,1,1,2,1,1,1,2,1,1,1,1,2,2,1,2,1,7,1,1,1,1,1,2,1,1,1,1,2,1,1,1,2,2,4,1,1,1,1,2,3,1,4,1,1,1,2,1,1,1,2,1,1,3,3,1,1,1,1,2,1,1,2,2,1,1,1,1,2,1,1,2,2,1,1,1,1,1,1,1,1,1,2,1,2,4,1,1,1,1,1,1,1,1,1,2,1,1,1,1,2,1,2,1,1,1,2,1,1,2,1,2,1,2,0,1,1,1,1,2,1,2,2,1,1,1,1,2,1,1,3,2,1,1,1,1,1,1,2,1,1,1,1,1,1,1,2,1,1,2,2,1,1,1,3,3,1,1,1,1,1,1,1,2,1,1,1,1,1,1,1,2,7,1,1,1,1,1,7,1,1,1,1,1,2,2,2,3,0,1,1,0,5,2,2,2,2,2,5,12,2,1,1,1,0,1,1,2,1,1,2,1,1,1,2,1,1,1,1,1,1,1,2,1,1,2,1,2,1,1,1,4,1,1,0,1,1,1,1,1,1,1,1,1,1,1,1,1,1,7,2,1,1,1,2,3,2,2,1,1,2,1,4,1,2,2,1,0,1,2,1,1,7,1,2,1,1,1,1,1,1,2,1,1,1,2,1,1,0,1,1,1,1,1,1,1,1,1,0,1,1,1,1,2,1,1,1,2,1,1,1,4,1,1,1,1,1,1,1,0,1,1,1,1,1,1,1,0,1,1,1,1,1,1,1,1,1,2,1,4,1,1,1,1,1,2,1,1,1,1,1,1,1,1,1,2,1,1,1,1,2,1,1,1,1,2,1,1,1,1,1,1,2,1,1,1,0,1,7,2,1,1,1,1,1,1,1,1,1,1,1,1,0,2,2,1,1,1,1,1,2,2,1,1,1,1,1,2,1,1,1,0,2,2,0,1,1,2,1,1,1,2,1,1,2,1,1,1,1,1,1,1,2,1,1,1,1,1,1,1,1,1,2,1,1,1,1,1,1,1,1
1,10,0,0.0132,2,2,2,2,2,2,2,2,2,1,2,2,2,2,2,2,4,2,3,2,2,2,2,3,3,2,2,1,2,2,3,4,5,2,2,1,2,3,1,2,1,1,2,1,2,2,2,5,2,1,3,2,2,2,2,3,5,3,1,2,6,1,3,2,2,1,1,2,1
4,10,0,0.130,3,4,11,2,4,7,2,5,3,3,3,3,3,4,3,4,3,2,4,3,5,3,3,5,7,3,1,4,4,3,4,3,3,3,1,3,2,2,1,3,9,4,1,3,3,1,3,3,3,3,3,3,3,2,3,3,1,3,3,2,5,4,3,2,2,5,4,4,8,5,2,2,3,3,2,3,3,3,5,1,2,3,3,3,4,2,3,6,3,4,3,3,5,4,3,3,2,3,7,7,2,2,1,3,3,1,3,1,4,2,2,3,1,4,3,1,1,4,2,2,2,1,4,2,2,4,4,3,3,10,4,2,2,2,11,2,2,3,1,1,3,3,2,2,6,3,3,3,2,1,3,2,4,3,2,3,2,2,4,2,3,1,1,3,3,3,3,3,3,4,3,5,3,2,2,3,4,3,1,3,2,2,2,3,2,5,2,4,2,3,1,2,2,1,3,4,2,3,3,5,2,3,2,3,1,3,3,1,2,1,2,2,3,2,1,2,7,3,2,1,1,1,3,2,3,4,3,3,1,1,1,2,2,2,1,3,2,2,3,2,3,4,2,1,4,3,3,3,3,3,2,2,2,2,3,4,2,2,2,1,3,3,3,2,2,2,5,1,2,3,1,3,1,3,2,2,2,3,2,1,2,1,3,3,2,3,2,3,1,4,32,52,2,13,2,2,4,5,3,5,1,4,6,5,2,2,4,3,3,3,2,3,4,3,3,6,3,4,2,3,3,4,3,3,2,2,3,2,3,5,2,2,2,2,3,3,3,8,3,4,3,2,3,3,2,6,5,2,4,6,4,1,3,8,3,2,4,3,4,3,2,3,2,2,2,2,1,3,2,2,2,3,1,3,4,1,1,2,3,3,2,6,3,4,3,3,4,6,2,4,5,1,1,1,4,3,2,3,3,1,3,2,2,2,1,2,3,7,1,2,1,4,4,3,3,2,3,2,3,3,2,3,4,4,5,3,4,3,3,3,1,3,3,2,9,3,3,2,10,3,4,3,1,2,3,1,2,3,4,3,4,2,3,3,4,5,2,3,7,3,3,2,1,3,3,3,2,3,4,3,2,3,9,3,3,1,1,3,1,3,2,2,6,3,2,3,3,3,3,3,2,2,2,3,1,4,3,2,1,1,1,2,2,3,4,5,2,9,2,3,1,5,4,1,1,3,3,3,4,4,2,1,2,2,2,1,2,2,1,2,3,2,3,1,1,1,3,2,1,3,2,1,3,3,1,1,1,1,4,4,2,12,3,2,4,3,1,1,6,3,2,3,1,8,3,4,2,1,3,3,3,3,2,4,2,2,1,2,3,3,3,3,2,3,4,3,3,2,2,3,2,3,2,4,4,1,2,1,1,2,4,5,3,3,2,1,2,1,2,3,1,4,2,1,2,3,1,4,1,1,3,1,2,2,2,2,1,1,2,3,1,1,2,2,1,2,1,3,1,3,1,1,2,2,2,1,3,3,1,2,2,1,3,2,2,2,1,3,3,3,2,5,2,2,3,1,3,2,2,1,3,2,2,3,2,1,2,1,3,3,1,2,3,2,4,2,3,3,2,1,1,1,1,2,1,9,1,2,2,3,2,2,2,3,1,1,3,2,2,1,5,2,3,3,1,3,1,3,3,1,3,2,3,1,3,2,2,2,2,1,3,1,2,1,3,3,3,6,2,3,1,2,7,1,3,3,2,3,2,3,4,1,2,3,2,2,2,5,2,3,3,2,2,3,2,1,4,2,1,3,3,3,3,7,2,2,3,3,33,2,5,4,5,1,5,6,6,3,8,3,8,4,5,4,3,9,3,3,3,5,2,2,3,4,4,3,2,6,4,3,2,3,3,2,3,4,3,7,3,2,2,6,3,2,3,3,4,3,4,4,1,3,3,3,2,3,2,3,3,4,5,3,3,4,3,3,3,3,2,4,4,3,3,3,3,4,2,3,3,2,3,3,2,3,3,2,2,3,5,3,3,2,2,2,3,4,3,2,3,3,2,3,2,2,2,2,3,3,3,3,2,2,4,3,3,2,3,3,3,2,10,3,2,3,3,3,2,2,3,2
4,10,0,0.333,10,3,4,3,5,3,14,3,4,3,2,9,4,3,3,2,3,3,3,3,4,3,3,4,3,3,5,2,3,4,7,3,4,5,3,5,2,2,3,2,3,5,3,2,3,3,2,3,2,3,4,2,2,2,3,6,3,3,3,4,4,1,2,4,5,2,2,3,2,3,4,3,2,2,5,3,2,2,3,4,2,1,2,3,3,3,3,2,2,2,5,3,2,1,2,3,4,2,3,5,3,10,3,3,2,10,4,3,2,3,3,2,1,6,1,1,3,2,3,4,2,2,2,1,4,3,3,3,3,1,2,3,1,3,2,3,6,2,2,3,3,3,2,2,3,3,6,3,3,2,10,3,2,3,3,1,1,2,2,5,1,2,2,3,2,2,3,12,4,4,2,2,2,1,23,4,3,3,3,3,7,3,2,3,2,3,2,3,3,3,2,3,3,4,3,2,1,5,3,6,1,11,2,3,2,3,2,3,2,3,5,2,3,2,3,3,3,3,4,4,3,3,6,2,2,2,2,2,2,3,1,4,2,1,1,2,3,3,2,3,2,1,1,4,3,3,2,3,3,3,3,1,2,3,2,3,2,3,2,2,3,2,3,2,2,3,3,2,2,2,2,3,3,1,2,3,3,3,2,2,2,2,2,17,3,2,3,2,3,5,2,2,4,2,2,2,5,2,4,1,2,2,2,2,2,1,7,2,4,2,5,2,11,12,2,3,2,2,2,2,2,3,2,2,4,7,3,2,3,2,4,3,2,5,3,3,4,2,2,2,2,4,2,3,2,8,2,4,2,2,7,3,3,2,3,2,2,2,2,3,2,2,2,2,5,1,2,2,3,1,2,2,2,1,2,3,3,2,1,2,3,2,2,2,2,2,2,3,2,2,3,3,2,2,2,9,3,3,7,2,2,2,3,2,2,2,2,3,7,2,3,3,2,3,3,3,3,3,2,2,2,2,2,3,3,2,2,2,2,3,3,2,3,3,2,2,2,3,2,2,2,2,2,3,4,3,5,2,3,2,2,3,5,2,3,2,5,8,2,2,3,2,3,3,3,3,3,3,3,2,2,3,3,2,3,2,3,4,3,2,2,2,3,3,2,3,3,2,3,3,4,2,4,4,2,3,2,2,4,2,3,2,8,2,6,2,3,2,2,2,2,5,3,2,2,3,2,3,2,2,2,3,2,2,4,2,3,2,1,2,2,3,3,3,3,3,3,5,2,2,2,2,2,3,2,2,3,3,2,2,2,2,2,2,2,2,2,3,2,2,3,2,3,2,2,3,3,2,2,2,3,2,8,2,3,2,3,2,2,4,2,2,29,3,4,6,6,15,6,19,9,4,4,4,4,3,3,4,3,3,4,4,4,3,4,3,2,3,2,4,4,2,4,4,4,3,2,3,2,2,3,3,4,3,3,3,2,2,2,2,3,2,2,3,3,4,4,3,4,3,3,3,3,5,5,4,4,4,4,6,4,3,4,4,2,2,3,3,2,4,1,4,3,3,3,3,2,3,3,2,4,3,4,4,4,5,3,3,3,2,3,2,5,2,4,3,5,4,2,4,3,4,4,3,3,4,2,3,4,3,3,2,4,2,3,8,3,3,3,1,2,4,3,3,4,2,5,3,3,3,5,3,6,4,4,2,2,2,3,3,4,7,4,4,4,3,2,4,3,3,6,2,2,3,4,3,4,3,2,3,5,6,2,3,2,5,22,2,4,2,3,3,3,3,4,3,1,2,5,2,1,3,3,4,3,2,2,2,4,2,4,7,3,14,1,2,2,3,2,4,5,3,3,3,6,4,2,3,2,3,3,3,3,2,1,1,1,3,5,2,2,3,4,2,1,2,2,3,2,2,2,2,3,2,1,1,2,3,2,3,3,2,3,2,2,2,7,5,3,2,2,3,3,3,2,3,2,3,4,2,1,3,3,3,2,2,3,2,4,3,3,3,2,2,7,2,1,2,2,3,2,1,5,1,3,8,1,3,2,2,2,6,3,7,8,3,1,3,4,2,2,3,2,3,1,3,2,1,1,2,2,2,2,3,3,2,3,3,3,2,1,3,1,3,2,1,1,1,2,1,7,1,2,3,3,1,3,3,3,2,1,2,2,2,2,1,2,1,1,2,1,2,2,1,2,2,1,2,2,2,3,3,2,3,1,2,1,2,2,1,3,2,2,3,2,2,2,2,3,2,2,3,3,2,3,2,2,2,1,1,1,2,4,4,9,2,3,1,2,1,6,1,4,1,1,1,1,2,2,1,3,2,2,2,1,2,1,2,2,4,3,3,2,2,4,3,2,2,3,2,2,1,3,2,3,3,2,3,3,2,2,3,2,2,2,1,2,4,2,2,3,2,3,3,7,1,3,2,12,9,2,3,3,2,3,2,2,3,2,1,1,2,3,3,3,3,3,3,3,3,3,3,2,1,2,2,2,1,1,2,1,1,2,3,2,2,1,3,3,3,2,1,2,3,2,3,2,2,4,3,9,3,2,2,1,2,2,2,2,3,2,2,2,1,3,3,2,1,1,3,2,2,3,3,4,1,2,4,3,2,2,3,2,1,3,3,3,2,3,2,2,2,1,3,5,2,3,2,1,3,2,2,2,2,1,1,3,1,3,4,8,28,3,2,3,42,16,2,3,2,4,3,3,3,5,9,2,2,2,2,1,7,1,8,4,5,3,4,4,3,7,3,2,3,1,3,3,3,3,4,2,6,3,1,4,2,2,3,2,3,2,2,1,2,3,4,4,2,1,2,3,3,2,2,3,4,9,7,6,8,5,3,2,2,2,3,2,3,2,4,3,2,2,2,2,4,2,2,4,3,4,3,3,2,3,10,3,3,4,2,3,3,2,2,2,1,3,2,2,4,1,2,4,3,2,1,1,1,2,2,2,1,2,2,4,4,3,4,3,2,7,2,2,2,3,1,3,2,2,2,2,7,4,2,3,2,4,2,5,8,7,2,2,2,3,9,5,1,2,5,2,3,2,4,2,3,3,2,2,2,2,3,2,3,2,3,2,2,8,4,2,1,3,1,1,3,2,3,2,2,2,2,3,4,1,4,2,2,1,4,3,1,12,3,2,2,3,3,7,2,1,2,4,1,3,2,3,2,1,3,2,1,2,2,2,3,2,3,2,3,2,3,2,3,3,1,3,1,1,3,2,2,3,2,2,2,1,1,2,5,1,1,2,1,2,1,1,3,1,5,3,2,3,1,2,2,4,2,2,6,1,1,2,2,1,3,3,3,1,2,2,2,3,3,3,2,2,3,4,3,2,3,10,2,2,3,1,3,1,9,2,3,2,5,6,2,2,6,3,2,2,1,16,3,1,1,2,2,1,1,1,2,2,2,2,3,2,4,3,2,1,1,2,2,3,2,3,2,7,3,3,2,3,3,1,2,1,1,2,2,3,8,3,1,2,2,2,2,3,2,3,1,1,3,2,2,2,2,3,2,2,2,2,2,1,1,1,2,1,2,2,2,1,3,3,1,3,3,2,2,2,2,2,0,3,2,3,1,6,2,1,3,2,1,3,2,7,1,2,1,3,4,2,3,2,4,3,2,2,3,3,0,1,1,1,3,1,3,3,2,1,1,2,3,2,1,1,3,2,2,1,1,1,2,2,1,2,1,4,2,1,3,1,1,2,2,4,3,3,3,5,2,3,1,3,1,3,2,3,2,1,1,3,1,1,2,3,3,2,2,1,1,1,1,2,1,3,1,2,2,1,1,1,1,2,3,2,1,3,3,1,1,1,2,2,3,1,2,1,2,1,1,1,1,3,3,3,5,3,1,1,4,1,3,3,3,3,2,1,3,3,2,3,4,3,2,3,3,1,2,1,1,2,2,3,2,2,3,1,6,1,10,2,4,3,1,2,2,1,2,2,1,4,3,6,1,3,1,3
4,10,0,0.131,4,4,10,6,13,3,3,4,3,3,2,2,2,6,4,2,3,2,3,2,2,3,3,5,2,3,4,2,2,3,4,3,2,2,2,4,2,3,5,2,2,3,2,2,3,2,2,4,1,6,6,2,1,2,3,1,2,4,2,2,9,3,3,8,3,3,3,5,3,3,1,3,5,4,2,3,2,2,2,2,2,4,2,1,2,3,9,3,4,4,6,2,2,1,3,2,2,1,4,1,2,3,2,4,8,4,1,2,3,1,3,5,1,9,2,2,3,2,2,1,2,3,2,2,2,2,5,3,2,3,3,2,2,2,4,3,4,3,3,2,2,2,4,1,2,7,6,3,3,3,2,4,2,5,8,7,1,3,2,2,6,5,3,3,3,3,2,1,2,3,2,3,2,3,4,2,3,3,2,3,3,2,1,3,2,3,4,3,4,4,2,3,4,4,2,2,3,1,4,2,2,2,3,6,3,4,3,1,4,2,4,1,4,2,2,3,3,4,1,1,1,2,4,3,2,3,30,8,5,8,12,8,9,10,5,3,3,4,4,5,5,3,4,4,4,4,3,8,2,4,4,5,5,4,7,3,3,4,5,5,5,4,3,2,4,3,4,3,8,3,6,2,3,8,4,2,4,5,2,2,3,4,5,2,5,10,3,3,4,3,3,3,3,10,3,5,2,2,1,4,4,4,4,3,5,4,4,4,3,2,4,2,3,3,3,3,3,3,3,2,3,4,3,3,3,5,3,4,2,3,2,2,4,3,3,4,2,5,7,2,2,4,3,3,5,5,2,4,3,3,3,4,3,4,2,3,4,3,4,4,3,1,7,1,3,2,4,4,3,3,3,3,4,4,3,4,8,6,7,3,2,2,1,3,3,4,3,3,4,3,2,4,4,1,3,2,2,2,3,4,4,4,3,2,3,2,3,4,4,2,3,5,3,4,3,2,4,3,2,3,4,3,3,2,3,2,2,2,8,2,3,3,2,2,2,3,3,2,4,3,4,3,4,2,5,3,3,2,3,3,3,3,2,1,3,3,3,2,3,3,28,6,7,2,3,4,14,3,3,3,3,3,3,3,3,3,4,3,2,3,2,3,6,4,2,2,2,4,2,3,5,2,3,5,2,1,3,4,5,2,3,2,3,3,1,1,2,3,1,3,2,4,4,2,2,1,3,1,2,3,1,3,2,5,1,7,1,5,9,2,10,4,1,3,1,2,2,6,4,3,3,4,2,1,2,2,3,3,4,3,4,4,3,3,3,2,3,2,5,3,3,6,2,4,4,2,1,4,1,4,1,6,3,3,3,2,2,3,2,1,3,2,4,3,4,2,2,2,4,3,1,2,3,3,3,4,2,3,2,11,2,1,3,1,1,3,2,3,1,2,9,3,2,3,4,3,4,3,3,5,1,2,2,3,4,1,3,3,2,3,2,3,3,1,2,4,6,4,3,2,2,3,2,2,3,2,2,3,11,3,3,3,1,2,4,4,2,2,2,2,2,2,12,10,2,2,1,2,2,2,3,2,2,1,3,3,2,2,5,12,12,4,4,3,2,4,8,2,2,2,2,3,3,4,4,11,2,2,1,1,3,2,2,2,1,9,3
4,10,0,0.0137,9,4,9,7,2,2,8,12,10,4,2,4,3,2,3,3,4,6,4,4,3,3,5,36,52,3,4,5,16,9,5,4,3,2,5,5,5,4,5,3,27,2,6,3,13,6,3,3,5,2,3,2,7,3,2
4,10,0,0.353,59,61,6,4,3,3,5,4,4,46,4,2,3,3,1,3,4,3,3,3,3,4,3,2,3,4,4,4,3,3,4,2,2,3,3,4,7,4,3,3,3,1,1,2,2,3,3,2,4,1,4,3,7,1,3,2,3,8,4,3,4,3,3,3,2,4,2,2,3,1,3,4,3,1,3,2,3,2,1,2,3,3,4,3,4,3,3,4,4,3,1,2,4,6,3,3,2,3,3,3,2,3,3,4,2,4,4,2,3,2,4,2,4,3,3,7,3,2,3,3,3,2,2,2,2,11,3,2,4,3,2,2,4,3,3,2,4,2,2,3,4,4,3,3,3,10,3,5,3,2,3,3,7,3,4,4,3,2,3,3,3,2,6,4,3,4,4,2,4,2,3,3,2,2,3,1,3,3,4,3,3,3,2,3,2,3,3,3,7,2,3,3,2,2,2,1,2,4,3,3,3,3,2,3,5,2,3,5,3,2,2,4,2,4,1,2,2,2,6,2,4,2,2,1,3,3,30,5,18,2,3,2,4,3,2,4,2,2,3,3,3,4,11,1,3,4,3,1,3,6,3,3,2,3,2,4,2,4,3,4,2,3,3,2,3,3,3,2,4,3,2,3,2,3,2,3,1,3,3,5,3,4,4,4,3,4,4,3,3,2,3,3,15,13,3,3,2,2,3,2,11,2,3,3,3,4,5,4,2,3,5,3,1,4,2,3,3,3,3,2,2,2,3,2,1,3,3,2,2,3,3,2,1,4,3,4,5,3,2,3,3,3,2,3,3,4,3,3,3,3,3,2,2,3,2,2,2,3,3,2,3,2,3,3,2,2,3,2,3,2,3,3,2,3,2,2,2,2,2,2,3,3,3,2,2,2,2,2,4,3,3,2,2,3,3,3,3,4,2,3,3,3,3,3,2,3,2,3,3,2,3,2,3,2,3,2,3,7,3,4,4,2,3,2,3,2,2,2,3,3,3,2,2,2,2,3,3,2,4,2,4,2,2,2,2,2,2,2,2,2,3,3,2,2,4,3,3,3,3,3,3,3,4,2,2,2,2,2,2,2,3,2,3,3,2,2,2,2,3,2,3,2,3,3,3,2,2,2,2,3,2,2,3,2,3,3,4,2,2,3,2,2,2,2,2,2,3,3,3,2,3,2,3,3,2,1,2,2,2,3,2,2,2,2,2,2,2,2,3,3,3,3,3,2,2,3,3,3,3,2,3,2,3,2,2,3,2,2,3,2,2,3,2,3,2,3,6,2,2,3,3,2,3,3,2,2,2,1,2,3,2,3,2,3,3,3,3,3,4,2,2,2,2,2,3,2,1,1,2,2,2,2,2,2,2,32,7,2,67,4,13,2,2,7,5,4,5,3,3,4,5,3,5,5,4,3,6,7,2,5,9,7,5,3,4,3,4,5,2,5,3,3,4,4,5,4,4,3,11,3,4,3,1,1,2,2,1,9,3,3,4,2,3,3,4,5,3,4,4,4,3,4,3,7,2,9,4,4,4,3,2,4,4,3,3,3,3,4,2,3,3,2,3,4,3,4,5,3,4,3,3,4,3,4,4,3,6,4,4,3,3,4,3,4,1,4,2,3,2,3,3,4,6,4,3,3,2,3,4,3,2,2,3,3,3,3,4,4,4,3,1,3,3,3,2,3,4,4,4,2,4,3,6,7,1,3,3,3,13,4,3,2,4,2,3,3,4,3,3,2,3,2,3,3,2,4,3,3,3,7,2,3,3,4,4,3,4,3,4,4,4,3,4,8,4,4,3,7,4,3,6,3,3,4,2,4,2,4,13,2,3,3,4,4,3,3,3,3,2,3,4,3,3,4,4,4,2,4,3,4,4,2,3,3,3,2,3,3,3,3,2,2,3,3,2,4,2,4,4,2,3,3,3,4,2,3,7,3,2,4,2,3,3,3,2,2,3,4,3,2,3,3,4,3,1,3,2,4,4,3,2,4,3,3,3,3,2,2,3,3,3,3,3,3,4,2,2,7,10,2,2,2,1,3,7,1,2,2,2,3,2,6,2,2,2,2,2,3,3,3,4,2,2,2,4,3,3,3,3,4,1,2,1,2,2,3,1,3,3,5,4,3,2,1,3,4,3,4,1,2,3,6,3,3,4,2,4,2,2,2,2,3,1,2,2,1,2,2,4,2,2,2,4,3,2,1,2,3,5,3,3,1,2,3,1,3,2,2,3,2,1,3,4,2,3,1,2,3,2,2,2,2,2,3,2,2,2,7,6,3,3,2,2,1,3,3,3,2,2,3,8,4,2,3,1,3,3,4,2,2,3,2,3,4,3,3,1,3,3,1,2,6,3,2,4,3,2,2,3,4,2,3,6,2,3,3,4,2,1,2,6,3,3,3,3,3,4,3,2,3,1,2,2,2,1,3,2,2,1,1,2,3,2,2,3,3,2,1,3,1,3,5,2,2,3,2,1,1,1,2,1,1,2,1,1,3,2,3,3,1,2,2,2,2,2,2,2,3,2,1,2,2,2,1,2,3,4,1,3,1,1,3,2,1,3,5,1,2,2,2,2,2,3,2,1,3,2,2,1,1,2,2,1,1,2,1,2,1,1,1,3,1,50,7,43,3,4,6,2,2,14,4,4,2,3,3,5,4,3,3,2,2,3,3,3,7,4,3,1,3,5,3,3,3,3,3,3,2,2,2,1,2,2,5,3,4,3,3,6,3,1,3,1,3,4,4,3,2,2,1,3,4,5,1,2,3,3,1,5,2,2,9,3,4,2,4,3,1,8,2,1,4,3,4,2,2,2,3,3,3,3,1,3,4,1,4,3,3,2,3,3,2,4,3,2,3,1,8,3,4,3,3,4,3,3,3,3,2,2,1,2,8,2,3,2,2,3,2,2,1,1,3,3,3,2,3,6,2,4,3,3,2,3,2,8,2,2,2,3,2,1,2,3,3,9,2,2,4,3,3,3,8,3,1,1,4,2,2,3,1,4,1,2,3,3,3,7,1,3,2,4,3,1,2,2,4,2,2,3,3,3,3,3,2,1,2,3,2,4,7,1,2,11,4,3,4,9,3,2,3,1,2,4,2,4,4,3,1,3,2,1,2,2,2,2,2,3,3,4,3,5,3,3,3,1,3,3,2,2,3,3,3,2,3,1,1,1,1,2,2,4,3,1,1,3,1,2,1,1,2,2,3,2,3,2,2,3,4,1,2,3,2,3,5,2,3,2,3,1,4,2,4,3,3,9,3,4,2,2,3,1,1,4,1,2,2,1,1,2,3,3,3,3,3,3,2,2,1,7,3,1,1,2,3,3,1,3,2,1,3,1,3,1,2,3,2,3,4,2,2,3,1,2,1,6,2,2,2,1,1,3,1,2,2,7,2,3,3,3,3,2,1,2,1,3,1,1,1,2,2,2,1,1,1,1,4,2,2,1,3,2,2,3,1,3,1,4,2,2,1,3,1,2,1,2,3,3,1,1,3,1,3,2,3,2,2,3,2,1,2,1,1,2,2,2,3,2,6,1,1,3,5,2,3,3,3,3,2,1,2,1,2,3,3,2,5,2,3,2,3,3,4,1,2,1,1,3,1,1,1,2,2,3,2,0,1,3,3,3,5,1,1,1,2,1,2,1,3,2,1,2,3,3,2,1,2,2,1,2,1,1,2,2,1,3,1,2,1,3,2,3,4,3,1,3,1,1,3,1,1,1,2,2,3,1,1,1,3,2,3,2,1,1,1,1,3,1,2,1,2,3,2,3,2,1,2,2,2,3,3,3,1,1,1,3,3,1,0,3,1,1,2,2,3,1,3,3,3,2,2,1,1,1,1,2,3,1,2,2,3,1,1,2,1,1,2,2,2,3,1,3,2,2,1,5,2,4,2,2,1,1,1,2,2,2,2,2,28,2,1,3,8,4,14,3,3,3,2,2,5,6,3,3,2,3,3,10,4,3,4,5,3,5,4,2,2,1,3,3,3,4,3,2,2,3,3,5,5,3,4,4,2,2,4,3,1,6,3,2,2,2,2,1,2,1,3,3,2,9,5,4,3,3,1,3,4,12,5,3,2,2,2,4,2,4,3,6,1,2,2,2,3,3,1,3,3,2,7,5,2,3,3,4,3,3,3,4,3,1,3,3,3,3,2,3,3,4,3,3,1,2,3,3,3,3,3,3,2,2,1,3,3,3,1,2,2,1,2,2,1,3,4,1,3,2,2,3,3,2,3,1,3,2,3,1,4,3,2,3,4,4,4,2,3,4,4,1,1,3,1,1,3,2,5,2,3,1,3,1,1,3,4,7,3,2,3,3,3,1,3,1,3,2,3,3,2,3,5,6,3,1,1,1,3,3,1,4,2,8,3,3,1,1,3,2,3,2,1,4,3,1,2,1,3,1,3,2,1,3,7,2,4,2,1,3,2,2,1,2,1,1,1,2,3,2,1,2,2,4,3,2,5,8,2,1,3,3,3,2,3,3,1,2,2,7,3,3,3,3,4,2,2,2,1,2,3,1,1,1,2,3,1,3,1,4,2,3,3,3,4,1,18,3,3,3,3,3,2,3,4,3,3,3,3,4,1,2,1,3,1,3,2,2,2,2,1,3,1,4,3,3,3,2,4,1,2,2,2,2,3,2,2,2,3,2,4,2,3,3,1,2,3,2,2,1,3,3,2,3,2,5,2,1,2,1,2,3,1,2,3,1,1,2,3,2,1,2,2,1,3,2,3,3,5,3,1,1,1,3,2,2,1,1,2,2,1,1,3,3,2,2,1,2,2,2,1,3,3,1,3,3,2,2,2,1,1,7,3,2,3,2,2,2,2,3,2,2,2,3,3,3,2,3,3,1,2,2,1,2,2,3,3,1,8,2,3,2,3,3,2,1,2,2,1,2,2,3,2,2,3,1,2,2,2,7,2,3,2,2,2,1,2,4,3,3,1,3,2,2,2,2,2,3,3,2,1,1,3,2,2,1,3,2,3,1,3,3,3,2,2,2,3,2,2,2,1,2,4,2,3,3,2,3,3,3,2,2,2,2,5,2,3,4,3,2,3,3,9,2,2,4,2,2,2,2,2,2,3,3,3,3,3,3,3,2,2,3,2,2,2,2,2,2,2,2,2,3,2,2,3,2,1,2,5,2,2,3,3,2,3,3,2,3,2,2,1,3,3,2,2,3,2,2,1,2,2,3,2,1,1,3,3,2,2,2,1,2,2,3,2,2,2,2,1,2,2,1,3,2,2,3,2
4,10,0,0.131,6,3,3,3,9,5,6,11,3,2,4,3,3,4,6,3,12,11,3,6,4,2,9,3,2,6,1,3,2,3,2,5,4,4,2,4,7,5,6,2,3,4,3,3,3,2,3,4,2,4,3,3,4,4,4,2,3,3,3,4,3,1,2,3,4,3,7,4,4,2,2,3,3,4,3,3,3,3,1,3,2,3,2,4,3,5,3,2,3,4,4,3,3,1,4,3,3,3,4,8,4,2,3,4,4,1,3,2,3,5,3,2,1,10,4,5,2,3,2,4,3,2,4,3,2,4,4,2,3,4,4,4,4,2,3,5,3,3,2,3,4,2,3,3,3,4,1,3,3,1,3,2,3,4,3,2,8,5,3,10,2,3,6,4,4,3,3,11,8,3,2,5,4,3,3,2,2,3,4,3,4,1,3,2,1,2,1,5,3,1,2,2,3,2,2,3,3,3,3,3,11,3,2,3,3,9,3,2,3,3,5,2,3,3,36,7,4,9,6,5,15,5,8,4,4,6,5,3,3,2,5,4,4,2,2,5,6,11,3,10,4,3,5,3,5,4,4,3,4,9,3,4,5,4,5,9,4,6,4,3,4,9,3,5,4,4,4,3,4,3,3,3,4,4,3,4,3,5,4,2,1,1,4,8,4,3,4,4,5,4,3,3,3,5,2,3,4,5,4,4,4,2,3,4,5,3,4,4,4,3,7,4,4,2,5,3,6,4,4,6,3,2,3,2,3,3,2,3,4,4,3,3,4,8,1,4,3,4,6,5,3,5,5,3,3,3,3,4,5,2,4,4,4,2,3,2,3,3,4,3,3,6,3,5,2,2,3,2,13,1,3,3,7,2,2,4,2,3,4,2,4,8,3,5,3,6,3,4,3,3,3,2,1,4,2,4,5,3,4,3,3,2,1,4,5,3,4,3,3,3,2,4,3,3,5,2,4,3,3,3,1,1,3,4,4,4,3,2,1,2,3,3,1,4,3,4,3,1,1,3,3,3,2,7,5,3,2,2,3,2,28,7,3,12,5,4,4,6,3,2,4,1,3,3,5,4,3,3,1,1,4,5,3,6,3,3,4,2,3,1,4,2,3,3,5,3,3,3,2,2,2,4,3,2,5,4,4,4,2,5,2,4,8,1,2,3,7,4,4,3,6,4,3,3,4,1,1,4,1,4,1,1,3,4,3,3,2,3,2,3,2,5,3,5,3,2,2,3,3,2,2,3,4,2,2,4,3,4,3,3,2,3,4,3,2,4,3,5,5,5,3,3,3,2,3,2,3,3,1,4,2,3,4,6,4,3,8,3,2,4,2,1,3,2,4,3,1,1,6,1,4,3,4,3,3,5,6,3,3,10,5,3,1,3,4,3,8,3,3,1,5,2,3,2,3,2,3,2,2,3,2,4,2,3,2,10,3,18,4,4,4,3,3,1,2,4,3,3,1,4,3,3,3,1,3,5,3,4,3,3,3,2,2,3,2,1,5,3,2,2,2,3,4,2,3,3,2,3,2,26,4,2,31,6,9,3,5,13,3,4,4,3,6,2,3,2,5,2,2,3,3,4,6,4,2,5,3,2,2,4,1,4,1,3,4,3,8,2,2,4,5,4,1,2,3,3,4,2,4,2,3,4,3,1,1,1,1,2,6,3,3,9,3,2,3,3,3,1,1,1,2,8,4,2,3,4,3,3,4,4,2,1,4,3,2,3,3,1,3,2,3,4,3,3,2,3,1,6,3,3,3,3,1,3,3,9,3,2,4,2,3,3,4,2,3,8,4,2,2,3,3,4,3,3,5,1,4,3,4,3,3,3,4,3,5,7,3,3,4,2,1,3,2,3,3,3,1,6,7,2,1,2,1,2,3,2,5,1,3,2,2,4,2,3,3,2,2,2,3,3,3,3,3,2,3,2,3,3,4,2,4,2,2,2,4,1,1,3,2,3,2,3,3,3,4,2,2,4,2,7,3,3,3,9,3,4,3,2,3,3
4,10,0,0.0131,8,5,4,3,5,4,3,7,2,5,3,4,5,2,3,4,5,4,3,33,5,65,14,5,4,18,3,3,6,4,3,5,3,3,2,5,8,30,6,8,6,6,15,3,5,4,5,2,3,3,5,4,3,2,2,4,4,4,2,8,5,4,8,4,8,3,58,8,3,7,3,2,3,4,27,3,3,5,5,3,5,1,4,3,3,4,3,3,4,4,9,2,4,2
